<?xml version="1.0" encoding="UTF-8"?>
<appdeployment:Deployment xmi:version="2.0"
	xmlns:xmi="http://www.omg.org/XMI"
	xmlns:appdeployment="http://www.ibm.com/websphere/appserver/schemas/5.0/appdeployment.xmi"
	xmi:id="Deployment_1301390454453">
	<deployedObject xmi:type="appdeployment:ApplicationDeployment"
		xmi:id="ApplicationDeployment_1301390454453" startingWeight="10">
		<modules xmi:type="appdeployment:WebModuleDeployment" xmi:id="WebModuleDeployment_1301390454453" startingWeight="10000" uri="gestionPresencia.war" />
		<classloader xmi:id="Classloader_1301390454453" mode="PARENT_FIRST">
			<libraries xmi:id="Library_1596538304705" libraryName="OracleDriver Driver Jars" />
		</classloader>
		<classloader xmi:id="Classloader_1301390454454" mode="PARENT_LAST">
			<libraries xmi:id="Library_1271071070814" libraryName="LibreriasGPRE" />
		</classloader>
	</deployedObject>
</appdeployment:Deployment>
